Animations	/projects/animations	/assets/animations.png
Brushes	/projects/brushes	/assets/brushes.png
3D Animation	/projects/3d-animation-webgl	/assets/3d-animation-webgl.png
Chat Bots	/projects/chat-bots	/assets/chat-bots.png
Computational Lighting	/projects/computational-lighting-webgl	/assets/computational-lighting-webgl.png
Face Tracking	/projects/face-tracking	/assets/face-tracking.png
Generative Art	/projects/generative-art	/assets/generative-art.png
Idle Game	/projects/idle-game	/assets/idle-game.png
Interactive World	/projects/interactive-world-webgl	/assets/interactive-world-webgl.png
Machine Learning	/projects/machine-learning	/assets/machine-learning.png
Particle Systems	/projects/particle-systems	/assets/particle-systems.png
Virtual Reality Game	/projects/virtual-reality-game	/assets/virtual-reality-game.png
Virtual Reality Space	/projects/virtual-reality-space	/assets/virtual-reality-space.png
Data Visualization	/projects/data-visualization	/assets/data-visualization.png